{"cameraMode":{"drawMode":0,"name":"Shaded","section":"Shading Mode"},"sceneLighting":true,"audioPlay":false,"sceneViewState":{"m_AlwaysRefresh":false,"showFog":true,"showSkybox":true,"showFlares":true,"showImageEffects":true,"showParticleSystems":true,"showVisualEffectGraphs":true,"m_FxEnabled":true},"in2DMode":false,"pivot":{"x":19.144947052001954,"y":7.222660064697266,"z":-28.078445434570314},"rotation":{"x":0.008597425185143948,"y":0.986513614654541,"z":-0.15395377576351167,"w":0.05510609596967697},"size":45.44326400756836,"orthographic":false}